<?xml version="1.0" encoding="iso-8859-1"?>
<gantrytips>

	<tip label="Getting More Help">
		<![CDATA[
		Each tab contains a summary and also a "tip-box" that displays relevant information as you mouse-over the elements in the template parameters.  If you would like to find out more about these settings and the Gantry Framework in general please checkout these links:
		<ul>
			<li><a href="http://www.gantry-framework.org">Gantry Framework Homepage</a></li>
			<li><a href="http://www.gantry-framework.org/documentation">Gantry Framework Documentation &amp; Screencasts</a></li>
			<li><a href="https://groups.google.com/forum/#!forum/gantry-framework-for-wordpress-users">Gantry Framework for WordPress Users Mailing list</a></li>
			<li><a href="https://groups.google.com/forum/#!forum/gantry-framework-developers">Gantry Framework Developers Mailing list</a></li>
		</ul>
		]]>
	</tip>


</gantrytips>